pr,pc,threads,m,n,k,seed,iterations,elapsed_sec,time_per_iter,error,error_rel,norm_A,norm_W,norm_H,profile_hth,profile_ah,profile_solve_w,profile_wtw,profile_atw,profile_solve_h,profile_error
2,2,2,20000,5000,20,42,20,5.5240250285714865,0.2762012514285743,1351.6367855307874,0.026504875104641695,50995.78021758271,22.765064659370342,4830.275561497501,0.004375937394797802,0.6563463313505054,0.19070748891681433,0.028604451566934586,1.0425033066421747,0.051657904870808125,3.498716509900987
