pr,pc,threads,m,n,k,seed,iterations,elapsed_sec,time_per_iter,error,error_rel,norm_A,norm_W,norm_H,profile_hth,profile_ah,profile_solve_w,profile_wtw,profile_atw,profile_solve_h,profile_error
2,2,,20000,5000,20,42,20,6.9945751629998085,0.34972875814999044,1351.5170642651908,0.026502527434597512,50995.78021758271,22.709027966248907,4755.82705741073,0.004983225998785201,0.9760435210005198,0.07279251899944938,0.08238547900009507,0.9312774489999356,0.019534218000899273,4.839746645000105
